{
    "rot_xyz2XYZ": [
        [
            -0.014585023811953375,
            -0.9353006345985256,
            0.35355339059327373
        ],
        [
            0.9236239791560409,
            -0.14804980624087802,
            -0.35355339059327373
        ],
        [
            0.38302222155948895,
            0.3213938048432696,
            0.8660254037844387
        ]
    ],
    "rot_XYZ2xyz": [
        [
            -0.014585023811953375,
            0.9353006345985256,
            0.35355339059327373
        ],
        [
            -0.9236239791560409,
            -0.14804980624087802,
            0.35355339059327373
        ],
        [
            0.38302222155948895,
            -0.3213938048432696,
            0.8660254037844387
        ]
    ]
}